{"FC1": [[[-1.9088088274002075, 1.1566717624664307]], [-0.9464986324310303, 2.0667009353637695]], "FC2": [[[0.747488796710968], [1.380466341972351]], [-1.868308663368225]], "SKIP2": [[[-1.9273593425750732]]]}