{"FC1": [[[-1.2509831190109253, 0.01752214878797531, 1.4946047067642212, 0.020140498876571655], [-0.0028155313339084387, 1.5314197540283203, -0.023208295926451683, -0.04838086664676666]], [-0.43406370282173157, -0.020403772592544556, -0.459965318441391, -0.06724819540977478]], "FC2": [[[1.0354883670806885], [1.3040201663970947], [0.9001766443252563], [-0.9862638711929321]], [-0.12036830186843872]], "SKIP2": [[[-0.056954313069581985], [-0.9637486934661865]]]}