{"FC1": [[[-2.0587143898010254, 1.120605707168579]], [-0.9489541053771973, 2.0486631393432617]], "FC2": [[[0.667317271232605], [1.5244076251983643]], [-2.1556038856506348]], "SKIP2": [[[-2.0735292434692383]]]}