{"FC1": [[[-1.0258097648620605, -0.3626936972141266, 0.28555333614349365, -1.4582306146621704], [-0.3671203851699829, -1.131503701210022, -0.8351008892059326, 0.42298802733421326]], [-0.03923758864402771, -0.010650800541043282, -0.0065459138713777065, -0.017148861661553383]], "FC2": [[[0.9306246042251587], [0.910696268081665], [1.2493222951889038], [0.7450882792472839]], [-0.37679436802864075]], "SKIP2": [[[0.9803107976913452], [1.0309995412826538]]]}